{"c":"8-bit","v":"0.3.0-mini","r":60,"w":900,"h":900,"f":[[0,0.2772809863090515,0,-45,-90,-60,-75],[1,0.0645732507109642,109,-45,-75,-60,-60],[2,0.42224016785621643,0,-45,-60,-60,-45],[3,0.09234048426151276,0,-45,-45,-60,-30],[4,0.28933021426200867,0,-45,-30,-60,-15],[5,0.40030086040496826,0,-45,0,-60,15],[6,0.21693524718284607,0,-45,30,-60,45],[7,0.2897964119911194,0,-45,45,-60,60],[8,0.10899895429611206,0,-45,60,-60,75],[9,0.750790536403656,0,-45,150,-60,165],[10,0.12316972762346268,0.6363111138343811,-45,165,-60,180],[11,0.9365165829658508,0,-30,-180,-45,-165],[12,0.220928356051445,0,-30,-90,-45,-75],[13,0.03887507691979408,72.5,-30,-75,-45,-60],[14,0.4519769549369812,0,-30,-60,-45,-45],[15,0.12926699221134186,0,-30,-15,-45,0],[16,0.08510056883096695,0.4944888949394226,-30,15,-45,30],[17,0.1912088394165039,0,-30,30,-45,45],[18,0.35564494132995605,0,-30,75,-45,90],[19,0.26330748200416565,0,-30,105,-45,120],[20,0.4742632806301117,2.889155626296997,-30,120,-45,135],[21,0.11531685292720795,88.29000091552734,-30,135,-45,150],[22,0.1662888079881668,3.206577777862549,-30,150,-45,165],[23,0.07317519187927246,0.6283255815505981,-30,165,-45,180],[24,0.25003671646118164,0,-15,-180,-30,-165],[25,0.38429033756256104,0,-15,-165,-30,-150],[26,0.17276524007320404,0,-15,-150,-30,-135],[27,0.9201931953430176,0,-15,-135,-30,-120],[28,0.5863644480705261,0,-15,-120,-30,-105],[29,0.16821223497390747,0,-15,-90,-30,-75],[30,0.03746265545487404,0,-15,-75,-30,-60],[31,0.11724618077278137,0.06604444235563278,-15,-60,-30,-45],[32,0.09690233319997787,0,-15,-45,-30,-30],[33,0.5869036912918091,0,-15,-30,-30,-15],[34,0.4113203287124634,0,-15,-15,-30,0],[35,0.10599573701620102,2.3116443157196045,-15,0,-30,15],[36,0.07475379854440689,0,-15,15,-30,30],[37,0.09063255041837692,87.77564239501953,-15,30,-30,45],[38,0.08844074606895447,0,-15,45,-30,60],[39,0.8390424251556396,0,-15,60,-30,75],[40,0.22351956367492676,3,-15,105,-30,120],[41,0.2029256373643875,0,-15,120,-30,135],[42,0.17237858474254608,15.5,-15,135,-30,150],[43,0.16863217949867249,0.7420089244842529,-15,150,-30,165],[44,0.16453005373477936,0,-15,165,-30,180],[45,0.14248497784137726,0,0,-180,-15,-165],[46,11.761639595031738,0,0,-165,-15,-150],[47,0.2187890112400055,0,0,-150,-15,-135],[48,0.16063900291919708,0,0,-105,-15,-90],[49,0.04061052203178406,22.75826644897461,0,-90,-15,-75],[50,0.04337866231799126,-10.999378204345703,0,-75,-15,-60],[51,0.15581956505775452,0,0,-60,-15,-45],[52,0.13291633129119873,4.378044605255127,0,-45,-15,-30],[53,0.49647635221481323,0,0,-15,-15,0],[54,0.10163731127977371,0,0,0,-15,15],[55,0.06863439083099365,-227.0319061279297,0,15,-15,30],[56,0.04422500357031822,0,0,30,-15,45],[57,0.09368706494569778,0,0,45,-15,60],[58,0.07227709889411926,37.94875717163086,0,90,-15,105],[59,0.07037904113531113,57.049156188964844,0,105,-15,120],[60,0.07855406403541565,1.2047555446624756,0,120,-15,135],[61,0.05478627234697342,1.3785333633422852,0,135,-15,150],[62,0.09780673682689667,0,0,150,-15,165],[63,0.19268518686294556,0,0,165,-15,180],[64,10.54660701751709,0,15,-165,0,-150],[65,0.06840526312589645,0,15,-105,0,-90],[66,0.04495391994714737,0.03616071492433548,15,-90,0,-75],[67,0.04580509662628174,111.79684448242188,15,-75,0,-60],[68,0.13166192173957825,6.8584442138671875,15,-60,0,-45],[69,0.10299453139305115,2.5776443481445312,15,-30,0,-15],[70,0.15454351902008057,0,15,-15,0,0],[71,0.06831731647253036,0,15,0,0,15],[72,0.05614732950925827,-268.727294921875,15,15,0,30],[73,0.05603310838341713,153.624755859375,15,30,0,45],[74,0.10492636263370514,0,15,45,0,60],[75,0.266622930765152,0,15,60,0,75],[76,0.0983031690120697,71.98359680175781,15,75,0,90],[77,0.0746290385723114,5.818533420562744,15,90,0,105],[78,0.06249421462416649,92.93675231933594,15,105,0,120],[79,0.09219231456518173,0,15,120,0,135],[80,0.5433267951011658,0,15,135,0,150],[81,0.3731531500816345,0,15,150,0,165],[82,0.06209242343902588,0,30,-165,15,-150],[83,0.08037981390953064,1.0655555725097656,30,-120,15,-105],[84,0.04961152747273445,1.508888840675354,30,-105,15,-90],[85,0.09339364618062973,3.201155662536621,30,-90,15,-75],[86,0.08951544761657715,37,30,-75,15,-60],[87,0.07137918472290039,5.404533386230469,30,-30,15,-15],[88,0.11351674795150757,58.704044342041016,30,-15,15,0],[89,0.1022418662905693,-118.07440185546875,30,0,15,15],[90,0.07255130261182785,130.07666015625,30,15,15,30],[91,0.0722925215959549,44.21257781982422,30,30,15,45],[92,0.06032226234674454,15.666533470153809,30,45,15,60],[93,0.06700616329908371,0.9862222075462341,30,60,15,75],[94,0.029648523777723312,15.050044059753418,30,75,15,90],[95,0.035430751740932465,0,30,90,15,105],[96,0.1027950868010521,11.398310661315918,30,105,15,120],[97,0.06881628185510635,0,30,120,15,135],[98,0.3134857714176178,0,30,135,15,150],[99,0.06361803412437439,5.168177604675293,45,-135,30,-120],[100,0.05909237638115883,85.67933654785156,45,-120,30,-105],[101,0.06494420766830444,0,45,-105,30,-90],[102,0.1286623775959015,19.76902198791504,45,-90,30,-75],[103,0.13992416858673096,0.36684444546699524,45,-75,30,-60],[104,0.324422150850296,0,45,-45,30,-30],[105,0.1333562582731247,0,45,-30,30,-15],[106,0.0655558630824089,1.014133334159851,45,-15,30,0],[107,0.06535995751619339,30.5,45,0,30,15],[108,0.08529719710350037,81.13671112060547,45,15,30,30],[109,0.04328398033976555,427,45,30,30,45],[110,0.045192115008831024,146.16697692871094,45,45,30,60],[111,0.03340638428926468,15.368666648864746,45,60,30,75],[112,0.03184506669640541,154.3507537841797,45,75,30,90],[113,0.037378400564193726,-46.128089904785156,45,90,30,105],[114,0.06893923878669739,57.97880172729492,45,105,30,120],[115,0.09043347090482712,185.34768676757812,45,120,30,135],[116,0.07286950945854187,4.964977741241455,45,135,30,150],[117,0.13477180898189545,0,60,-180,45,-165],[118,0.09300917387008667,0,60,-165,45,-150],[119,0.05593143776059151,0,60,-150,45,-135],[120,0.060916468501091,0.778064489364624,60,-135,45,-120],[121,0.06957542896270752,-78,60,-120,45,-105],[122,0.20271484553813934,0,60,-105,45,-90],[123,0.34854915738105774,0,60,-90,45,-75],[124,0.16120244562625885,85.17048645019531,60,-75,45,-60],[125,0.2269982248544693,1,60,-60,45,-45],[126,0.26811134815216064,0,60,-45,45,-30],[127,0.2051134556531906,4.285422325134277,60,-15,45,0],[128,0.05685894936323166,228.6516876220703,60,0,45,15],[129,0.10275914520025253,52.877777099609375,60,15,45,30],[130,0.25486060976982117,271.2750244140625,60,30,45,45],[131,0.15503129363059998,61.480445861816406,60,45,45,60],[132,0.1758028119802475,254.0237274169922,60,60,45,75],[133,0.056610025465488434,69.61138153076172,60,75,45,90],[134,0.06036272272467613,130,60,90,45,105],[135,0.08913139998912811,52,60,105,45,120],[136,0.1115245595574379,26.800844192504883,60,120,45,135],[137,0.12991410493850708,0.4973333477973938,60,135,45,150],[138,0.0533309243619442,0,60,150,45,165],[139,0.24402965605258942,0,60,165,45,180],[140,0.2008562982082367,0.6430666446685791,75,-180,60,-165,360,360],[141,0.04690782353281975,2,75,-165,60,-150,360,360],[142,0.04614623263478279,1.4051110744476318,75,-150,60,-135,360,360],[143,0.09941805154085159,2.489511013031006,75,-135,60,-120,360,360],[144,0.29934918880462646,0,75,-120,60,-105,360,360],[145,0.4369317591190338,3,75,-105,60,-90,360,360],[146,0.14913922548294067,0,75,-90,60,-75,360,360],[147,0.1245642900466919,0,75,-75,60,-60,360,360],[148,0.08942870050668716,0,75,-60,60,-45,360,360],[149,0.07897595316171646,0,75,-45,60,-30,360,360],[150,0.07497820258140564,0,75,-30,60,-15,360,360],[151,0.1695782095193863,0,75,-15,60,0,360,360],[152,0.11520441621541977,0,75,0,60,15,360,360],[153,0.13537226617336273,0,75,15,60,30,360,360],[154,0.22515468299388885,0,75,30,60,45,360,360],[155,0.16761548817157745,1.7264000177383423,75,45,60,60,360,360],[156,0.14614522457122803,1,75,60,60,75,360,360],[157,0.27465733885765076,1.5888888835906982,75,75,60,90,360,360],[158,0.15909862518310547,2.1099112033843994,75,90,60,105,360,360],[159,0.2761891484260559,2.3583555221557617,75,105,60,120,360,360],[160,0.12590259313583374,